{
  "project_info": {
    "project_number": "805254983103",
    "firebase_url": "https://ridemate-aeb56-default-rtdb.firebaseio.com",
    "project_id": "ridemate-aeb56",
    "storage_bucket": "ridemate-aeb56.appspot.com"
  },
  "client": [
    {
      "client_info": {
        "mobilesdk_app_id": "1:805254983103:android:20b1e29db9f3ef952d050a",
        "android_client_info": {
          "package_name": "com.example.ridemateui"
        }
      },
      "oauth_client": [
        {
          "client_id": "805254983103-k3umce6oiucrdbsnv56676katgtbqbci.apps.googleusercontent.com",
          "client_type": 3
        }
      ],
      "api_key": [
        {
          "current_key": "AIzaSyAdxZ2ao7FdhgRZkYg6grWP4XqMJrpS6Og"
        }
      ],
      "services": {
        "appinvite_service": {
          "other_platform_oauth_client": [
            {
              "client_id": "805254983103-k3umce6oiucrdbsnv56676katgtbqbci.apps.googleusercontent.com",
              "client_type": 3
            }
          ]
        }
      }
    },
    {
      "client_info": {
        "mobilesdk_app_id": "1:805254983103:android:9a2f2aa24134369b2d050a",
        "android_client_info": {
          "package_name": "com.vanis.ridemate"
        }
      },
      "oauth_client": [
        {
          "client_id": "805254983103-k3umce6oiucrdbsnv56676katgtbqbci.apps.googleusercontent.com",
          "client_type": 3
        }
      ],
      "api_key": [
        {
          "current_key": "AIzaSyAdxZ2ao7FdhgRZkYg6grWP4XqMJrpS6Og"
        }
      ],
      "services": {
        "appinvite_service": {
          "other_platform_oauth_client": [
            {
              "client_id": "805254983103-k3umce6oiucrdbsnv56676katgtbqbci.apps.googleusercontent.com",
              "client_type": 3
            }
          ]
        }
      }
    }
  ],
  "configuration_version": "1"
}